{
  "hash": "a6e6d9a6",
  "configHash": "175846ea",
  "lockfileHash": "1fb54171",
  "browserHash": "65381ba7",
  "optimized": {
    "@angular/common": {
      "src": "../../../../../node_modules/@angular/common/fesm2022/common.mjs",
      "file": "@angular_common.js",
      "fileHash": "52122c81",
      "needsInterop": false
    },
    "@angular/common/http": {
      "src": "../../../../../node_modules/@angular/common/fesm2022/http.mjs",
      "file": "@angular_common_http.js",
      "fileHash": "1f57c2e7",
      "needsInterop": false
    },
    "@angular/core": {
      "src": "../../../../../node_modules/@angular/core/fesm2022/core.mjs",
      "file": "@angular_core.js",
      "fileHash": "a5625b6e",
      "needsInterop": false
    },
    "@angular/forms": {
      "src": "../../../../../node_modules/@angular/forms/fesm2022/forms.mjs",
      "file": "@angular_forms.js",
      "fileHash": "ea47fb9e",
      "needsInterop": false
    },
    "@angular/google-maps": {
      "src": "../../../../../node_modules/@angular/google-maps/fesm2022/google-maps.mjs",
      "file": "@angular_google-maps.js",
      "fileHash": "3da9e8f4",
      "needsInterop": false
    },
    "@angular/platform-browser": {
      "src": "../../../../../node_modules/@angular/platform-browser/fesm2022/platform-browser.mjs",
      "file": "@angular_platform-browser.js",
      "fileHash": "2fba61e4",
      "needsInterop": false
    },
    "@angular/router": {
      "src": "../../../../../node_modules/@angular/router/fesm2022/router.mjs",
      "file": "@angular_router.js",
      "fileHash": "3e7570de",
      "needsInterop": false
    },
    "rxjs": {
      "src": "../../../../../node_modules/rxjs/dist/esm5/index.js",
      "file": "rxjs.js",
      "fileHash": "d3f4a1aa",
      "needsInterop": false
    },
    "ngx-pagination": {
      "src": "../../../../../node_modules/ngx-pagination/fesm2020/ngx-pagination.mjs",
      "file": "ngx-pagination.js",
      "fileHash": "d785b410",
      "needsInterop": false
    }
  },
  "chunks": {
    "chunk-ZN4ZQIKF": {
      "file": "chunk-ZN4ZQIKF.js"
    },
    "chunk-BBUMVJIZ": {
      "file": "chunk-BBUMVJIZ.js"
    },
    "chunk-V4I6KYGB": {
      "file": "chunk-V4I6KYGB.js"
    },
    "chunk-CHRFX2HE": {
      "file": "chunk-CHRFX2HE.js"
    },
    "chunk-R7GQRDZ6": {
      "file": "chunk-R7GQRDZ6.js"
    }
  }
}